Rank,Player,Team,Position,Bye_Week,Image
1,Jayden Daniels,WAS,QB,,https://commons.wikimedia.org/wiki/File:092323_LSU_vs_Arkansas_T761_Jayden_Daniels_-5_Quarterback_(53534767293).jpg
2,Josh Allen,BUF,QB,,https://commons.wikimedia.org/wiki/File:Josh_Allen_SEPT2021_(cropped2).jpg
3,Bijan Robinson,ATL,RB,,https://commons.wikimedia.org/wiki/File:Bijan_Robinson.jpg
4,Ja'Marr Chase,CIN,WR,,https://commons.wikimedia.org/wiki/File:Ja%27Marr_Chase.jpg
5,Malik Nabers,NYG,WR,,https://commons.wikimedia.org/wiki/File:Malik_Nabers.jpg
6,De'Von Achane,MIA,RB,,https://commons.wikimedia.org/wiki/File:De%27Von_Achane.jpg
7,CeeDee Lamb,DAL,WR,,https://commons.wikimedia.org/wiki/File:CeeDee_Lamb.jpg
8,Saquon Barkley,PHI,RB,,https://commons.wikimedia.org/wiki/File:Saquon_Barkley.jpg
9,Derrick Henry,BAL,RB,,https://commons.wikimedia.org/wiki/File:Derrick_Henry.jpg
10,Ashton Jeanty,LV,RB,,https://commons.wikimedia.org/wiki/File:Ashton_Jeanty.jpg
11,Justin Jefferson,MIN,WR,,https://commons.wikimedia.org/wiki/File:Justin_Jefferson.jpg
12,Trey McBride,ARI,TE,,https://commons.wikimedia.org/wiki/File:Trey_McBride.jpg
13,Brock Bowers,LV,TE,,https://commons.wikimedia.org/wiki/File:Brock_Bowers.jpg
14,Jalen Hurts,PHI,QB,,https://commons.wikimedia.org/wiki/File:Jalen_Hurts.jpg
15,Amon-Ra St. Brown,DET,WR,,https://commons.wikimedia.org/wiki/File:Amon-Ra_St._Brown.jpg
16,Garrett Wilson,NYJ,WR,,https://commons.wikimedia.org/wiki/File:Garrett_Wilson.jpg
17,Brian Thomas,JAC,WR,,https://commons.wikimedia.org/wiki/File:Brian_Thomas.jpg
18,Joe Burrow,CIN,QB,,https://commons.wikimedia.org/wiki/File:Joe_Burrow.jpg
19,Jahmyr Gibbs,DET,RB,,https://commons.wikimedia.org/wiki/File:Jahmyr_Gibbs.jpg
20,Chase Brown,CIN,RB,,https://commons.wikimedia.org/wiki/File:Chase_Brown.jpg
21,Josh Jacobs,GB,RB,,https://commons.wikimedia.org/wiki/File:Josh_Jacobs.jpg
22,Caleb Williams,CHI,QB,,https://commons.wikimedia.org/wiki/File:Caleb_Williams.jpg
23,Drake London,ATL,WR,,https://commons.wikimedia.org/wiki/File:Drake_London.jpg
24,Ladd McConkey,LAC,WR,,https://commons.wikimedia.org/wiki/File:Ladd_McConkey.jpg
25,Justin Herbert,LAC,QB,,https://commons.wikimedia.org/wiki/File:Justin_Herbert.jpg
26,Dak Prescott,DAL,QB,,https://commons.wikimedia.org/wiki/File:Dak_Prescott.jpg
27,A.J. Brown,PHI,WR,,https://commons.wikimedia.org/wiki/File:A.J._Brown.jpg
28,Nico Collins,HOU,WR,,https://commons.wikimedia.org/wiki/File:Nico_Collins.jpg
29,James Cook,BUF,RB,,https://commons.wikimedia.org/wiki/File:James_Cook.jpg
30,Alvin Kamara,NO,RB,,https://commons.wikimedia.org/wiki/File:Alvin_Kamara.jpg
31,Bo Nix,DEN,QB,,https://commons.wikimedia.org/wiki/File:Bo_Nix.jpg
32,Baker Mayfield,TB,QB,,https://commons.wikimedia.org/wiki/File:Baker_Mayfield.jpg
33,Davante Adams,LAR,WR,,https://commons.wikimedia.org/wiki/File:Davante_Adams.jpg
34,George Pickens,DAL,WR,,https://commons.wikimedia.org/wiki/File:George_Pickens.jpg
35,Jonathan Taylor,IND,RB,,https://commons.wikimedia.org/wiki/File:Jonathan_Taylor.jpg
36,Tee Higgins,CIN,WR,,https://commons.wikimedia.org/wiki/File:Tee_Higgins.jpg
37,Patrick Mahomes,KC,QB,,https://commons.wikimedia.org/wiki/File:Patrick_Mahomes.jpg
38,Puka Nacua,LAR,WR,,https://commons.wikimedia.org/wiki/File:Puka_Nacua.jpg
39,Brock Purdy,SF,QB,,https://commons.wikimedia.org/wiki/File:Brock_Purdy.jpg
40,Bucky Irving,TB,RB,,https://commons.wikimedia.org/wiki/File:Bucky_Irving.jpg
41,Christian McCaffrey,SF,RB,,https://commons.wikimedia.org/wiki/File:Christian_McCaffrey.jpg
42,George Kittle,SF,TE,,https://commons.wikimedia.org/wiki/File:George_Kittle.jpg
43,Kyren Williams,LAR,RB,,https://commons.wikimedia.org/wiki/File:Kyren_Williams.jpg
44,Mike Evans,TB,WR,,https://commons.wikimedia.org/wiki/File:Mike_Evans.jpg
45,Rome Odunze,CHI,WR,,https://commons.wikimedia.org/wiki/File:Rome_Odunze.jpg
46,Tyreek Hill,MIA,WR,,https://commons.wikimedia.org/wiki/File:Tyreek_Hill.jpg
47,Chuba Hubbard,CAR,RB,,https://commons.wikimedia.org/wiki/File:Chuba_Hubbard.jpg
48,Nick Chubb,HOU,RB,,https://commons.wikimedia.org/wiki/File:Nick_Chubb.jpg
49,Justin Fields,NYJ,QB,,https://commons.wikimedia.org/wiki/File:Justin_Fields.jpg
50,Marvin Harrison,ARI,WR,,https://commons.wikimedia.org/wiki/File:Marvin_Harrison.jpg
51,Zay Flowers,BAL,WR,,https://commons.wikimedia.org/wiki/File:Zay_Flowers.jpg
52,Courtland Sutton,DEN,WR,,https://commons.wikimedia.org/wiki/File:Courtland_Sutton.jpg
53,Breece Hall,NYJ,RB,,https://commons.wikimedia.org/wiki/File:Breece_Hall.jpg
54,David Montgomery,DET,RB,,https://commons.wikimedia.org/wiki/File:David_Montgomery.jpg
55,Bryce Young,CAR,QB,,https://commons.wikimedia.org/wiki/File:Bryce_Young.jpg
56,Jaylen Waddle,MIA,WR,,https://commons.wikimedia.org/wiki/File:Jaylen_Waddle.jpg
57,DJ Moore,CHI,WR,,https://commons.wikimedia.org/wiki/File:DJ_Moore.jpg
58,Terry McLaurin,WAS,WR,,https://commons.wikimedia.org/wiki/File:Terry_McLaurin.jpg
59,Omarion Hampton,LAC,RB,,https://commons.wikimedia.org/wiki/File:Omarion_Hampton.jpg
60,Ricky Pearsall,SF,WR,,https://commons.wikimedia.org/wiki/File:Ricky_Pearsall.jpg
61,D'Andre Swift,CHI,RB,,https://commons.wikimedia.org/wiki/File:D%27Andre_Swift.jpg
62,DeVonta Smith,PHI,WR,,https://commons.wikimedia.org/wiki/File:DeVonta_Smith.jpg
63,Kyler Murray,ARI,QB,,https://commons.wikimedia.org/wiki/File:Kyler_Murray.jpg
64,Isiah Pacheco,KC,RB,,https://commons.wikimedia.org/wiki/File:Isiah_Pacheco.jpg
65,T.J. Hockenson,MIN,TE,,https://commons.wikimedia.org/wiki/File:T.J._Hockenson.jpg
66,Kenneth Walker III,SEA,RB,,https://commons.wikimedia.org/wiki/File:Kenneth_Walker_III.jpg
67,Jaxon Smith-Njigba,SEA,WR,,https://commons.wikimedia.org/wiki/File:Jaxon_Smith-Njigba.jpg
68,Drake Maye,NE,QB,,https://commons.wikimedia.org/wiki/File:Drake_Maye.jpg
69,Rashee Rice,KC,WR,,https://commons.wikimedia.org/wiki/File:Rashee_Rice.jpg
70,Jordan Mason,MIN,RB,,https://commons.wikimedia.org/wiki/File:Jordan_Mason.jpg
71,Khalil Shakir,BUF,WR,,https://commons.wikimedia.org/wiki/File:Khalil_Shakir.jpg
72,Calvin Ridley,TEN,WR,,https://commons.wikimedia.org/wiki/File:Calvin_Ridley.jpg
73,Jordan Love,GB,QB,,https://commons.wikimedia.org/wiki/File:Jordan_Love.jpg
74,J.K. Dobbins,DEN,RB,,https://commons.wikimedia.org/wiki/File:J.K._Dobbins.jpg
75,RJ Harvey,DEN,RB,,https://commons.wikimedia.org/wiki/File:RJ_Harvey.jpg
76,Jared Goff,DET,QB,,https://commons.wikimedia.org/wiki/File:Jared_Goff.jpg
77,Sam LaPorta,DET,TE,,https://commons.wikimedia.org/wiki/File:Sam_LaPorta.jpg
78,Tony Pollard,TEN,RB,,https://commons.wikimedia.org/wiki/File:Tony_Pollard.jpg
79,Xavier Worthy,KC,WR,,https://commons.wikimedia.org/wiki/File:Xavier_Worthy.jpg
80,Jakobi Meyers,LV,WR,,https://commons.wikimedia.org/wiki/File:Jakobi_Meyers.jpg
81,TreVeyon Henderson,NE,RB,,https://commons.wikimedia.org/wiki/File:TreVeyon_Henderson.jpg
82,Tank Bigsby,JAC,RB,,https://commons.wikimedia.org/wiki/File:Tank_Bigsby.jpg
83,Jauan Jennings,SF,WR,,https://commons.wikimedia.org/wiki/File:Jauan_Jennings.jpg
84,Dalton Kincaid,BUF,TE,,https://commons.wikimedia.org/wiki/File:Dalton_Kincaid.jpg
85,James Conner,ARI,RB,,https://commons.wikimedia.org/wiki/File:James_Conner.jpg
86,Geno Smith,LV,QB,,https://commons.wikimedia.org/wiki/File:Geno_Smith.jpg
87,Jaylen Warren,PIT,RB,,https://commons.wikimedia.org/wiki/File:Jaylen_Warren.jpg
88,Deebo Samuel,WAS,WR,,https://commons.wikimedia.org/wiki/File:Deebo_Samuel.jpg
89,Tetairoa McMillan,CAR,WR,,https://commons.wikimedia.org/wiki/File:Tetairoa_McMillan.jpg
90,Brian Robinson,WAS,RB,,https://commons.wikimedia.org/wiki/File:Brian_Robinson.jpg
91,Chris Olave,NO,WR,,https://commons.wikimedia.org/wiki/File:Chris_Olave.jpg
92,David Njoku,CLE,TE,,https://commons.wikimedia.org/wiki/File:David_Njoku.jpg
93,C.J. Stroud,HOU,QB,,https://commons.wikimedia.org/wiki/File:C.J._Stroud.jpg
94,Trevor Lawrence,JAC,QB,,https://commons.wikimedia.org/wiki/File:Trevor_Lawrence.jpg
95,Tyrone Tracy,NYG,RB,,https://commons.wikimedia.org/wiki/File:Tyrone_Tracy.jpg
96,Mark Andrews,BAL,TE,,https://commons.wikimedia.org/wiki/File:Mark_Andrews.jpg
97,Josh Downs,IND,WR,,https://commons.wikimedia.org/wiki/File:Josh_Downs.jpg
98,Aaron Jones,MIN,RB,,https://commons.wikimedia.org/wiki/File:Aaron_Jones.jpg
99,Stefon Diggs,NE,WR,,https://commons.wikimedia.org/wiki/File:Stefon_Diggs.jpg
100,Jameson Williams,DET,WR,,https://commons.wikimedia.org/wiki/File:Jameson_Williams.jpg
101,Rhamondre Stevenson,NE,RB,,https://commons.wikimedia.org/wiki/File:Rhamondre_Stevenson.jpg
102,DK Metcalf,PIT,WR,,https://commons.wikimedia.org/wiki/File:DK_Metcalf.jpg
103,Evan Engram,DEN,TE,,https://commons.wikimedia.org/wiki/File:Evan_Engram.jpg
104,Darnell Mooney,ATL,WR,,https://commons.wikimedia.org/wiki/File:Darnell_Mooney.jpg
105,Brenton Strange,JAC,TE,,https://commons.wikimedia.org/wiki/File:Brenton_Strange.jpg
106,Cam Skattebo,NYG,RB,,https://commons.wikimedia.org/wiki/File:Cam_Skattebo.jpg
107,Javonte Williams,DAL,RB,,https://commons.wikimedia.org/wiki/File:Javonte_Williams.jpg
108,Christian Kirk,HOU,WR,,https://commons.wikimedia.org/wiki/File:Christian_Kirk.jpg
109,Tua Tagovailoa,MIA,QB,,https://commons.wikimedia.org/wiki/File:Tua_Tagovailoa.jpg
110,Jerome Ford,CLE,RB,,https://commons.wikimedia.org/wiki/File:Jerome_Ford.jpg
111,Mike Gesicki,CIN,TE,,https://commons.wikimedia.org/wiki/File:Mike_Gesicki.jpg
112,Travis Hunter,JAC,WR,,https://commons.wikimedia.org/wiki/File:Travis_Hunter.jpg
113,Tyler Warren,IND,TE,,https://commons.wikimedia.org/wiki/File:Tyler_Warren.jpg
114,Michael Penix,ATL,QB,,https://commons.wikimedia.org/wiki/File:Michael_Penix.jpg
115,Matthew Golden,GB,WR,,https://commons.wikimedia.org/wiki/File:Matthew_Golden.jpg
116,Cooper Kupp,SEA,WR,,https://commons.wikimedia.org/wiki/File:Cooper_Kupp.jpg
117,Travis Kelce,KC,TE,,https://commons.wikimedia.org/wiki/File:Travis_Kelce.jpg
118,Trey Benson,ARI,RB,,https://commons.wikimedia.org/wiki/File:Trey_Benson.jpg
119,Jerry Jeudy,CLE,WR,,https://commons.wikimedia.org/wiki/File:Jerry_Jeudy.jpg
120,Emeka Egbuka,TB,WR,,https://commons.wikimedia.org/wiki/File:Emeka_Egbuka.jpg
121,J.J. McCarthy,MIN,QB,,https://commons.wikimedia.org/wiki/File:J.J._McCarthy.jpg
122,Kaleb Johnson,PIT,RB,,https://commons.wikimedia.org/wiki/File:Kaleb_Johnson.jpg
123,Tucker Kraft,GB,TE,,https://commons.wikimedia.org/wiki/File:Tucker_Kraft.jpg
124,Matthew Stafford,LAR,QB,,https://commons.wikimedia.org/wiki/File:Matthew_Stafford.jpg
125,Hunter Henry,NE,TE,,https://commons.wikimedia.org/wiki/File:Hunter_Henry.jpg
126,Jake Ferguson,DAL,TE,,https://commons.wikimedia.org/wiki/File:Jake_Ferguson.jpg
127,Zach Ertz,WAS,TE,,https://commons.wikimedia.org/wiki/File:Zach_Ertz.jpg
128,Braelon Allen,NYJ,RB,,https://commons.wikimedia.org/wiki/File:Braelon_Allen.jpg
129,Isaac Guerendo,SF,RB,,https://commons.wikimedia.org/wiki/File:Isaac_Guerendo.jpg
130,Michael Pittman,IND,WR,,https://commons.wikimedia.org/wiki/File:Michael_Pittman.jpg
131,Ray Davis,BUF,RB,,https://commons.wikimedia.org/wiki/File:Ray_Davis.jpg
132,Adam Thielen,CAR,WR,,https://commons.wikimedia.org/wiki/File:Adam_Thielen.jpg
133,Pat Freiermuth,PIT,TE,,https://commons.wikimedia.org/wiki/File:Pat_Freiermuth.jpg
134,Jayden Reed,GB,WR,,https://commons.wikimedia.org/wiki/File:Jayden_Reed.jpg
135,Travis Etienne,JAC,RB,,https://commons.wikimedia.org/wiki/File:Travis_Etienne.jpg
136,Keon Coleman,BUF,WR,,https://commons.wikimedia.org/wiki/File:Keon_Coleman.jpg
137,Brashard Smith,KC,RB,,https://commons.wikimedia.org/wiki/File:Brashard_Smith.jpg
138,Tyjae Spears,TEN,RB,,https://commons.wikimedia.org/wiki/File:Tyjae_Spears.jpg
139,Chris Godwin,TB,WR,,https://commons.wikimedia.org/wiki/File:Chris_Godwin.jpg
140,Anthony Richardson,IND,QB,,https://commons.wikimedia.org/wiki/File:Anthony_Richardson.jpg
141,Justice Hill,BAL,RB,,https://commons.wikimedia.org/wiki/File:Justice_Hill.jpg
142,Jordan Addison,MIN,WR,,https://commons.wikimedia.org/wiki/File:Jordan_Addison.jpg
143,Jalen Nailor,MIN,WR,,https://commons.wikimedia.org/wiki/File:Jalen_Nailor.jpg
144,Kyle Williams,NE,WR,,https://commons.wikimedia.org/wiki/File:Kyle_Williams.jpg
145,Sam Darnold,SEA,QB,,https://commons.wikimedia.org/wiki/File:Sam_Darnold.jpg
146,Quinshon Judkins,CLE,RB,,https://commons.wikimedia.org/wiki/File:Quinshon_Judkins.jpg
147,Rashid Shaheed,NO,WR,,https://commons.wikimedia.org/wiki/File:Rashid_Shaheed.jpg
148,Najee Harris,LAC,RB,,https://commons.wikimedia.org/wiki/File:Najee_Harris.jpg
149,Dallas Goedert,PHI,TE,,https://commons.wikimedia.org/wiki/File:Dallas_Goedert.jpg